{
  "best_global_step": null,
  "best_metric": null,
  "best_model_checkpoint": null,
  "epoch": 0.02676659528907923,
  "eval_steps": 500,
  "global_step": 100,
  "is_hyper_param_search": false,
  "is_local_process_zero": true,
  "is_world_process_zero": true,
  "log_history": [
    {
      "clip_ratio/high_max": 0.006134959423798136,
      "clip_ratio/high_mean": 0.006134959423798136,
      "clip_ratio/low_mean": 0.01958894997369498,
      "clip_ratio/low_min": 0.01958894997369498,
      "clip_ratio/region_mean": 0.025723909464431927,
      "completions/clipped_ratio": 0.11875,
      "completions/max_length": 1511.7,
      "completions/max_terminated_length": 1187.5,
      "completions/mean_length": 873.24375,
      "completions/mean_terminated_length": 712.2862609863281,
      "completions/min_length": 415.3,
      "completions/min_terminated_length": 415.3,
      "entropy": 0.15397913418710232,
      "epoch": 0.0026766595289079227,
      "frac_reward_zero_std": 0.6,
      "grad_norm": 0.20837262272834778,
      "learning_rate": 4.5500000000000005e-06,
      "loss": 0.0402,
      "num_tokens": 158055.0,
      "reward": 0.75,
      "reward_std": 0.34829843044281006,
      "rewards/reward_fn/mean": 0.75,
      "rewards/reward_fn/std": 0.3482984483242035,
      "sampling/importance_sampling_ratio/max": 1.9729791283607483,
      "sampling/importance_sampling_ratio/mean": 0.6006328940391541,
      "sampling/importance_sampling_ratio/min": 0.038902781199431045,
      "sampling/sampling_logp_difference/max": 0.9174489498138427,
      "sampling/sampling_logp_difference/mean": 0.01073593758046627,
      "step": 10,
      "step_time": 6.760817432589829
    },
    {
      "clip_ratio/high_max": 0.005868342638132162,
      "clip_ratio/high_mean": 0.005868342638132162,
      "clip_ratio/low_mean": 0.021408362197689712,
      "clip_ratio/low_min": 0.021408362197689712,
      "clip_ratio/region_mean": 0.02727670483000111,
      "completions/clipped_ratio": 0.025,
      "completions/max_length": 1239.6,
      "completions/max_terminated_length": 1215.6,
      "completions/mean_length": 629.275,
      "completions/mean_terminated_length": 603.4642944335938,
      "completions/min_length": 321.6,
      "completions/min_terminated_length": 321.6,
      "entropy": 0.12879298571497202,
      "epoch": 0.0053533190578158455,
      "frac_reward_zero_std": 0.5,
      "grad_norm": 0.37610214948654175,
      "learning_rate": 4.05e-06,
      "loss": -0.005,
      "num_tokens": 275795.0,
      "reward": 0.66875,
      "reward_std": 0.3799676835536957,
      "rewards/reward_fn/mean": 0.66875,
      "rewards/reward_fn/std": 0.3799676984548569,
      "sampling/importance_sampling_ratio/max": 2.2166805267333984,
      "sampling/importance_sampling_ratio/mean": 0.8126667618751526,
      "sampling/importance_sampling_ratio/min": 0.06439515501260758,
      "sampling/sampling_logp_difference/max": 0.8330774188041687,
      "sampling/sampling_logp_difference/mean": 0.010085241496562957,
      "step": 20,
      "step_time": 5.466191592253745
    },
    {
      "clip_ratio/high_max": 0.00244880688842386,
      "clip_ratio/high_mean": 0.00244880688842386,
      "clip_ratio/low_mean": 0.0870583163574338,
      "clip_ratio/low_min": 0.0870583163574338,
      "clip_ratio/region_mean": 0.08950712322257459,
      "completions/clipped_ratio": 0.1,
      "completions/max_length": 1508.3,
      "completions/max_terminated_length": 1245.9,
      "completions/mean_length": 651.26875,
      "completions/mean_terminated_length": 521.3908447265625,
      "completions/min_length": 228.6,
      "completions/min_terminated_length": 228.6,
      "entropy": 0.1718488664831966,
      "epoch": 0.008029978586723769,
      "frac_reward_zero_std": 0.3,
      "grad_norm": 0.20968179404735565,
      "learning_rate": 3.5500000000000003e-06,
      "loss": 0.0032,
      "num_tokens": 396934.0,
      "reward": 0.58125,
      "reward_std": 0.3591210126876831,
      "rewards/reward_fn/mean": 0.58125,
      "rewards/reward_fn/std": 0.35912102460861206,
      "sampling/importance_sampling_ratio/max": 2.202427101135254,
      "sampling/importance_sampling_ratio/mean": 0.7112167328596115,
      "sampling/importance_sampling_ratio/min": 0.08006748679326847,
      "sampling/sampling_logp_difference/max": 0.7464111685752869,
      "sampling/sampling_logp_difference/mean": 0.010911502316594124,
      "step": 30,
      "step_time": 6.673842137679458
    },
    {
      "clip_ratio/high_max": 0.0010371506214141846,
      "clip_ratio/high_mean": 0.0010371506214141846,
      "clip_ratio/low_mean": 0.0644710494671017,
      "clip_ratio/low_min": 0.0644710494671017,
      "clip_ratio/region_mean": 0.06550820008851588,
      "completions/clipped_ratio": 0.03125,
      "completions/max_length": 1054.9,
      "completions/max_terminated_length": 1038.4,
      "completions/mean_length": 486.275,
      "completions/mean_terminated_length": 444.68043212890626,
      "completions/min_length": 173.5,
      "completions/min_terminated_length": 173.5,
      "entropy": 0.16592145161703228,
      "epoch": 0.010706638115631691,
      "frac_reward_zero_std": 0.3,
      "grad_norm": 0.07277856022119522,
      "learning_rate": 3.05e-06,
      "loss": -0.0002,
      "num_tokens": 494066.0,
      "reward": 0.74375,
      "reward_std": 0.4057313144207001,
      "rewards/reward_fn/mean": 0.74375,
      "rewards/reward_fn/std": 0.4057313293218613,
      "sampling/importance_sampling_ratio/max": 2.303382956981659,
      "sampling/importance_sampling_ratio/mean": 0.8336408972740174,
      "sampling/importance_sampling_ratio/min": 0.09589523179456591,
      "sampling/sampling_logp_difference/max": 0.7321564376354217,
      "sampling/sampling_logp_difference/mean": 0.010910695511847734,
      "step": 40,
      "step_time": 4.734527768194676
    },
    {
      "clip_ratio/high_max": 0.002326839882880449,
      "clip_ratio/high_mean": 0.002326839882880449,
      "clip_ratio/low_mean": 0.11399043714627624,
      "clip_ratio/low_min": 0.11399043714627624,
      "clip_ratio/region_mean": 0.11631727702915669,
      "completions/clipped_ratio": 0.03125,
      "completions/max_length": 1118.4,
      "completions/max_terminated_length": 897.7,
      "completions/mean_length": 377.3875,
      "completions/mean_terminated_length": 326.0456481933594,
      "completions/min_length": 163.7,
      "completions/min_terminated_length": 163.7,
      "entropy": 0.10628074254491367,
      "epoch": 0.013383297644539615,
      "frac_reward_zero_std": 0.15,
      "grad_norm": 0.07490576058626175,
      "learning_rate": 2.55e-06,
      "loss": 0.0,
      "num_tokens": 572576.0,
      "reward": 0.54375,
      "reward_std": 0.49744788408279417,
      "rewards/reward_fn/mean": 0.54375,
      "rewards/reward_fn/std": 0.49744790494441987,
      "sampling/importance_sampling_ratio/max": 2.2541568517684936,
      "sampling/importance_sampling_ratio/mean": 0.8705603539943695,
      "sampling/importance_sampling_ratio/min": 0.0744718361645937,
      "sampling/sampling_logp_difference/max": 0.8926404118537903,
      "sampling/sampling_logp_difference/mean": 0.011268076347187161,
      "step": 50,
      "step_time": 4.8633626298978925
    },
    {
      "clip_ratio/high_max": 0.0,
      "clip_ratio/high_mean": 0.0,
      "clip_ratio/low_mean": 0.10035619866102934,
      "clip_ratio/low_min": 0.10035619866102934,
      "clip_ratio/region_mean": 0.10035619866102934,
      "completions/clipped_ratio": 0.04375,
      "completions/max_length": 1255.7,
      "completions/max_terminated_length": 1018.8,
      "completions/mean_length": 499.4375,
      "completions/mean_terminated_length": 436.5681610107422,
      "completions/min_length": 196.8,
      "completions/min_terminated_length": 196.8,
      "entropy": 0.20022623381519225,
      "epoch": 0.016059957173447537,
      "frac_reward_zero_std": 0.35,
      "grad_norm": 0.006006280425935984,
      "learning_rate": 2.05e-06,
      "loss": 0.0009,