{
  "best_global_step": null,
  "best_metric": null,
  "best_model_checkpoint": null,
  "epoch": 0.02676659528907923,
  "eval_steps": 500,
  "global_step": 100,
  "is_hyper_param_search": false,
  "is_local_process_zero": true,
  "is_world_process_zero": true,
  "log_history": [
    {
      "clip_ratio/high_max": 0.0001336898421868682,
      "clip_ratio/high_mean": 0.0001336898421868682,
      "clip_ratio/low_mean": 0.00012534130946733056,
      "clip_ratio/low_min": 0.00012534130946733056,
      "clip_ratio/region_mean": 0.00025903115165419875,
      "completions/clipped_ratio": 0.1125,
      "completions/max_length": 1476.8,
      "completions/max_terminated_length": 1233.2,
      "completions/mean_length": 874.7625,
      "completions/mean_terminated_length": 720.774169921875,
      "completions/min_length": 448.2,
      "completions/min_terminated_length": 448.2,
      "entropy": 0.14139806795865298,
      "epoch": 0.0026766595289079227,
      "frac_reward_zero_std": 0.6,
      "grad_norm": 0.0,
      "learning_rate": 4.5500000000000005e-06,
      "loss": 0.0333,
      "num_tokens": 158298.0,
      "reward": 0.7375,
      "reward_std": 0.31614031195640563,
      "rewards/reward_fn/mean": 0.7375,
      "rewards/reward_fn/std": 0.31614033281803133,
      "sampling/importance_sampling_ratio/max": 2.379862368106842,
      "sampling/importance_sampling_ratio/mean": 0.6443827748298645,
      "sampling/importance_sampling_ratio/min": 0.03544128718203865,
      "sampling/sampling_logp_difference/max": 0.846941989660263,
      "sampling/sampling_logp_difference/mean": 0.010633536241948604,
      "step": 10,
      "step_time": 6.605971713829786
    },
    {
      "clip_ratio/high_max": 0.0,
      "clip_ratio/high_mean": 0.0,
      "clip_ratio/low_mean": 0.0,
      "clip_ratio/low_min": 0.0,
      "clip_ratio/region_mean": 0.0,
      "completions/clipped_ratio": 0.03125,
      "completions/max_length": 1147.6,
      "completions/max_terminated_length": 1068.9,
      "completions/mean_length": 750.1875,
      "completions/mean_terminated_length": 719.4978759765625,
      "completions/min_length": 469.6,
      "completions/min_terminated_length": 469.6,
      "entropy": 0.11042649950832129,
      "epoch": 0.0053533190578158455,
      "frac_reward_zero_std": 0.75,
      "grad_norm": 0.0,
      "learning_rate": 4.05e-06,
      "loss": 0.0335,
      "num_tokens": 295384.0,
      "reward": 0.7875,
      "reward_std": 0.2663139164447784,
      "rewards/reward_fn/mean": 0.7875,
      "rewards/reward_fn/std": 0.26631392538547516,
      "sampling/importance_sampling_ratio/max": 1.9917656779289246,
      "sampling/importance_sampling_ratio/mean": 0.6590793848037719,
      "sampling/importance_sampling_ratio/min": 0.026241060346364975,
      "sampling/sampling_logp_difference/max": 0.8237512111663818,
      "sampling/sampling_logp_difference/mean": 0.008880278142169119,
      "step": 20,
      "step_time": 5.148561395704746
    },
    {
      "clip_ratio/high_max": 0.0,
      "clip_ratio/high_mean": 0.0,
      "clip_ratio/low_mean": 0.0,
      "clip_ratio/low_min": 0.0,
      "clip_ratio/region_mean": 0.0,
      "completions/clipped_ratio": 0.09375,
      "completions/max_length": 1240.6,
      "completions/max_terminated_length": 1104.1,
      "completions/mean_length": 733.075,
      "completions/mean_terminated_length": 618.8986145019531,
      "completions/min_length": 389.8,
      "completions/min_terminated_length": 389.8,
      "entropy": 0.10633104527369142,
      "epoch": 0.008029978586723769,
      "frac_reward_zero_std": 0.55,
      "grad_norm": 0.0,
      "learning_rate": 3.5500000000000003e-06,
      "loss": -0.0023,
      "num_tokens": 429612.0,
      "reward": 0.71875,
      "reward_std": 0.3281346261501312,
      "rewards/reward_fn/mean": 0.71875,
      "rewards/reward_fn/std": 0.32813462913036345,
      "sampling/importance_sampling_ratio/max": 2.101248723268509,
      "sampling/importance_sampling_ratio/mean": 0.7205859541893005,
      "sampling/importance_sampling_ratio/min": 0.07339651770889759,
      "sampling/sampling_logp_difference/max": 0.8730594873428345,
      "sampling/sampling_logp_difference/mean": 0.009011327102780343,
      "step": 30,
      "step_time": 5.587378841731697
    },
    {
      "clip_ratio/high_max": 0.0,
      "clip_ratio/high_mean": 0.0,
      "clip_ratio/low_mean": 0.0,
      "clip_ratio/low_min": 0.0,
      "clip_ratio/region_mean": 0.0,
      "completions/clipped_ratio": 0.05,
      "completions/max_length": 1341.0,
      "completions/max_terminated_length": 901.6,
      "completions/mean_length": 504.21875,
      "completions/mean_terminated_length": 425.6929870605469,
      "completions/min_length": 250.0,
      "completions/min_terminated_length": 250.0,
      "entropy": 0.07547898632474244,
      "epoch": 0.010706638115631691,
      "frac_reward_zero_std": 0.5,
      "grad_norm": 0.0,
      "learning_rate": 3.05e-06,
      "loss": 0.011,
      "num_tokens": 529615.0,
      "reward": 0.8875,
      "reward_std": 0.228345650434494,
      "rewards/reward_fn/mean": 0.8875,
      "rewards/reward_fn/std": 0.22834565937519075,
      "sampling/importance_sampling_ratio/max": 2.206197190284729,
      "sampling/importance_sampling_ratio/mean": 0.8373229891061783,
      "sampling/importance_sampling_ratio/min": 0.0632128182798624,
      "sampling/sampling_logp_difference/max": 1.1906912803649903,
      "sampling/sampling_logp_difference/mean": 0.007843174855224788,
      "step": 40,
      "step_time": 5.90654081357643
    },
    {
      "clip_ratio/high_max": 0.0,
      "clip_ratio/high_mean": 0.0,
      "clip_ratio/low_mean": 0.0,
      "clip_ratio/low_min": 0.0,
      "clip_ratio/region_mean": 0.0,
      "completions/clipped_ratio": 0.03125,
      "completions/max_length": 1133.4,
      "completions/max_terminated_length": 830.3,
      "completions/mean_length": 502.35,
      "completions/mean_terminated_length": 455.6736602783203,
      "completions/min_length": 266.9,
      "completions/min_terminated_length": 266.9,
      "entropy": 0.08459832798689604,
      "epoch": 0.013383297644539615,
      "frac_reward_zero_std": 0.6,
      "grad_norm": 0.0,
      "learning_rate": 2.55e-06,
      "loss": 0.0706,
      "num_tokens": 628119.0,
      "reward": 0.79375,
      "reward_std": 0.2833921670913696,
      "rewards/reward_fn/mean": 0.79375,
      "rewards/reward_fn/std": 0.2833921790122986,
      "sampling/importance_sampling_ratio/max": 2.1955931067466734,
      "sampling/importance_sampling_ratio/mean": 0.7983375728130341,
      "sampling/importance_sampling_ratio/min": 0.04388549476861954,
      "sampling/sampling_logp_difference/max": 1.2564141988754272,
      "sampling/sampling_logp_difference/mean": 0.008804026851430535,
      "step": 50,
      "step_time": 5.016715093422681
    },
    {
      "clip_ratio/high_max": 0.0,
      "clip_ratio/high_mean": 0.0,
      "clip_ratio/low_mean": 0.0,
      "clip_ratio/low_min": 0.0,
      "clip_ratio/region_mean": 0.0,
      "completions/clipped_ratio": 0.0125,
      "completions/max_length": 1227.3,
      "completions/max_terminated_length": 1138.4,
      "completions/mean_length": 608.4125,
      "completions/mean_terminated_length": 590.5566711425781,
      "completions/min_length": 353.5,
      "completions/min_terminated_length": 353.5,
      "entropy": 0.0767844152636826,
      "epoch": 0.016059957173447537,
      "frac_reward_zero_std": 0.55,
      "grad_norm": 0.5515825748443604,
      "learning_rate": 2.05e-06,
      "loss": 0.0215,
      "num_tokens": 745217.0,
      "reward": 0.775,
      "reward_std": 0.31688690185546875,
      "rewards/reward_fn/mean": 0.775,
      "rewards/reward_fn/std": 0.31688691973686217,
      "sampling/importance_sampling_ratio/max": 2.1482564210891724,
      "sampling/importance_sampling_ratio/mean": 0.7201732426881791,
      "sampling/importance_sampling_ratio/min": 0.030295336991548537,