{
  "best_global_step": null,
  "best_metric": null,
  "best_model_checkpoint": null,
  "epoch": 0.02676659528907923,
  "eval_steps": 500,
  "global_step": 100,
  "is_hyper_param_search": false,
  "is_local_process_zero": true,
  "is_world_process_zero": true,
  "log_history": [
    {
      "clip_ratio/high_max": 0.0001336898421868682,
      "clip_ratio/high_mean": 0.0001336898421868682,
      "clip_ratio/low_mean": 0.00012534130946733056,
      "clip_ratio/low_min": 0.00012534130946733056,
      "clip_ratio/region_mean": 0.00025903115165419875,
      "completions/clipped_ratio": 0.125,
      "completions/max_length": 1482.5,
      "completions/max_terminated_length": 1214.8,
      "completions/mean_length": 888.50625,
      "completions/mean_terminated_length": 718.3712524414062,
      "completions/min_length": 447.9,
      "completions/min_terminated_length": 447.9,
      "entropy": 0.13427994158118964,
      "epoch": 0.0026766595289079227,
      "frac_reward_zero_std": 0.45,
      "grad_norm": 0.0,
      "learning_rate": 4.5500000000000005e-06,
      "loss": -0.0045,
      "num_tokens": 160497.0,
      "reward": 0.74375,
      "reward_std": 0.35144842863082887,
      "rewards/reward_fn/mean": 0.74375,
      "rewards/reward_fn/std": 0.35144844353199006,
      "sampling/importance_sampling_ratio/max": 2.1159188628196715,
      "sampling/importance_sampling_ratio/mean": 0.6434844702482223,
      "sampling/importance_sampling_ratio/min": 0.048859280947363005,
      "sampling/sampling_logp_difference/max": 1.01835395693779,
      "sampling/sampling_logp_difference/mean": 0.010400844085961581,
      "step": 10,
      "step_time": 6.683420345466584
    },
    {
      "clip_ratio/high_max": 0.0,
      "clip_ratio/high_mean": 0.0,
      "clip_ratio/low_mean": 0.0,
      "clip_ratio/low_min": 0.0,
      "clip_ratio/region_mean": 0.0,
      "completions/clipped_ratio": 0.05625,
      "completions/max_length": 1620.8,
      "completions/max_terminated_length": 1372.1,
      "completions/mean_length": 983.36875,
      "completions/mean_terminated_length": 930.639892578125,
      "completions/min_length": 645.9,
      "completions/min_terminated_length": 645.9,
      "entropy": 0.13779501616954803,
      "epoch": 0.0053533190578158455,
      "frac_reward_zero_std": 0.65,
      "grad_norm": 2.374743700027466,
      "learning_rate": 4.05e-06,
      "loss": -0.0032,
      "num_tokens": 334892.0,
      "reward": 0.725,
      "reward_std": 0.3021364986896515,
      "rewards/reward_fn/mean": 0.725,
      "rewards/reward_fn/std": 0.302136504650116,
      "sampling/importance_sampling_ratio/max": 2.228561794757843,
      "sampling/importance_sampling_ratio/mean": 0.7584718495607377,
      "sampling/importance_sampling_ratio/min": 0.05833414329681545,
      "sampling/sampling_logp_difference/max": 0.8735217988491059,
      "sampling/sampling_logp_difference/mean": 0.00971311330795288,
      "step": 20,
      "step_time": 7.232391590345651
    },
    {
      "clip_ratio/high_max": 0.0,
      "clip_ratio/high_mean": 0.0,
      "clip_ratio/low_mean": 7.158395019359886e-05,
      "clip_ratio/low_min": 7.158395019359886e-05,
      "clip_ratio/region_mean": 7.158395019359886e-05,
      "completions/clipped_ratio": 0.21875,
      "completions/max_length": 1792.8,
      "completions/max_terminated_length": 1592.1,
      "completions/mean_length": 1334.3875,
      "completions/mean_terminated_length": 1169.5919677734375,
      "completions/min_length": 792.5,
      "completions/min_terminated_length": 792.5,
      "entropy": 0.1779573319479823,
      "epoch": 0.008029978586723769,
      "frac_reward_zero_std": 0.5,
      "grad_norm": 0.0,
      "learning_rate": 3.5500000000000003e-06,
      "loss": 0.0679,
      "num_tokens": 565330.0,
      "reward": 0.6375,
      "reward_std": 0.2910138309001923,
      "rewards/reward_fn/mean": 0.6375,
      "rewards/reward_fn/std": 0.29101383984088897,
      "sampling/importance_sampling_ratio/max": 2.212508964538574,
      "sampling/importance_sampling_ratio/mean": 0.6710142165422439,
      "sampling/importance_sampling_ratio/min": 0.008604668406769633,
      "sampling/sampling_logp_difference/max": 1.1267149090766906,
      "sampling/sampling_logp_difference/mean": 0.010543672926723957,
      "step": 30,
      "step_time": 8.376078307814897
    },
    {
      "clip_ratio/high_max": 0.0,
      "clip_ratio/high_mean": 0.0,
      "clip_ratio/low_mean": 7.589788510813378e-05,
      "clip_ratio/low_min": 7.589788510813378e-05,
      "clip_ratio/region_mean": 7.589788510813378e-05,
      "completions/clipped_ratio": 0.15,
      "completions/max_length": 1789.2,
      "completions/max_terminated_length": 1685.0,
      "completions/mean_length": 1228.1375,
      "completions/mean_terminated_length": 1110.7489013671875,
      "completions/min_length": 725.0,
      "completions/min_terminated_length": 725.0,
      "entropy": 0.170205338858068,
      "epoch": 0.010706638115631691,
      "frac_reward_zero_std": 0.65,
      "grad_norm": 0.0,
      "learning_rate": 3.05e-06,
      "loss": -0.0123,
      "num_tokens": 781160.0,
      "reward": 0.80625,
      "reward_std": 0.2539820969104767,
      "rewards/reward_fn/mean": 0.80625,
      "rewards/reward_fn/std": 0.2539821058511734,
      "sampling/importance_sampling_ratio/max": 1.951627218723297,
      "sampling/importance_sampling_ratio/mean": 0.5881075471639633,
      "sampling/importance_sampling_ratio/min": 0.04370333105325699,
      "sampling/sampling_logp_difference/max": 0.8110020101070404,
      "sampling/sampling_logp_difference/mean": 0.01042396631091833,
      "step": 40,
      "step_time": 8.265608121454715
    },
    {
      "clip_ratio/high_max": 9.678667993284762e-05,
      "clip_ratio/high_mean": 9.678667993284762e-05,
      "clip_ratio/low_mean": 5.133529775775969e-05,
      "clip_ratio/low_min": 5.133529775775969e-05,
      "clip_ratio/region_mean": 0.00014812197769060732,
      "completions/clipped_ratio": 0.04375,
      "completions/max_length": 1493.9,
      "completions/max_terminated_length": 1411.3,
      "completions/mean_length": 982.5,
      "completions/mean_terminated_length": 934.2729187011719,
      "completions/min_length": 651.0,
      "completions/min_terminated_length": 651.0,
      "entropy": 0.1468453908339143,
      "epoch": 0.013383297644539615,
      "frac_reward_zero_std": 0.6,
      "grad_norm": 2.5111892223358154,
      "learning_rate": 2.55e-06,
      "loss": 0.0073,
      "num_tokens": 956488.0,
      "reward": 0.80625,
      "reward_std": 0.3099023878574371,
      "rewards/reward_fn/mean": 0.80625,
      "rewards/reward_fn/std": 0.30990239679813386,
      "sampling/importance_sampling_ratio/max": 1.9520061314105988,
      "sampling/importance_sampling_ratio/mean": 0.6251868039369584,
      "sampling/importance_sampling_ratio/min": 0.04060069042025134,
      "sampling/sampling_logp_difference/max": 0.6412048101425171,
      "sampling/sampling_logp_difference/mean": 0.009632008243352174,
      "step": 50,
      "step_time": 6.756007073353976
    },
    {
      "clip_ratio/high_max": 7.22659402526915e-05,
      "clip_ratio/high_mean": 7.22659402526915e-05,
      "clip_ratio/low_mean": 0.00018157091981265693,
      "clip_ratio/low_min": 0.00018157091981265693,
      "clip_ratio/region_mean": 0.00025383686006534844,
      "completions/clipped_ratio": 0.1625,
      "completions/max_length": 1883.9,
      "completions/max_terminated_length": 1647.2,
      "completions/mean_length": 1305.95,
      "completions/mean_terminated_length": 1159.6457824707031,
      "completions/min_length": 869.2,
      "completions/min_terminated_length": 869.2,
      "entropy": 0.15105056799948216,
      "epoch": 0.016059957173447537,
      "frac_reward_zero_std": 0.55,
      "grad_norm": 1.8798781633377075,
      "learning_rate": 2.05e-06,
      "loss": -0.0264,
      "num_tokens": 1185192.0,
      "reward": 0.71875,
      "reward_std": 0.3649055600166321,